fixed acidity,volatile acidity,citric acid,residual sugar,chlorides,free sulfur dioxide,total sulfur dioxide,density,pH,sulphates,alcohol,quality
949,8.9,0.12,0.45,1.8,0.075,10.0,21.0,0.99552,3.41,0.76,11.9,1
591,6.6,0.39,0.49,1.7,0.07,23.0,149.0,0.9922,3.12,0.5,11.5,1
1512,6.4,0.79,0.04,2.2,0.061,11.0,17.0,0.99588,3.53,0.65,10.4,1
1535,7.0,0.55,0.13,2.2,0.075,15.0,35.0,0.9959,3.36,0.59,9.7,1
1485,7.0,0.655,0.16,2.1,0.07400000000000001,8.0,25.0,0.99606,3.37,0.55,9.7,0
320,9.8,0.66,0.39,3.2,0.083,21.0,59.0,0.9989,3.37,0.71,11.5,1
363,12.5,0.46,0.63,2.0,0.071,6.0,15.0,0.9988,2.99,0.87,10.2,0
483,10.6,0.36,0.6,2.2,0.152,7.0,18.0,0.9986,3.04,1.06,9.4,0
319,9.6,0.77,0.12,2.9,0.08199999999999999,30.0,74.0,0.99865,3.3,0.64,10.4,1
1132,7.4,0.36,0.34,1.8,0.075,18.0,38.0,0.9933,3.38,0.88,13.6,1
1283,8.7,0.63,0.28,2.7,0.096,17.0,69.0,0.99734,3.26,0.63,10.2,1
48,6.4,0.4,0.23,1.6,0.066,5.0,12.0,0.9958,3.34,0.56,9.2,0
1273,7.5,0.58,0.2,2.0,0.073,34.0,44.0,0.99494,3.1,0.43,9.3,0
997,5.6,0.66,0.0,2.2,0.087,3.0,11.0,0.99378,3.71,0.63,12.8,1
987,7.1,0.36,0.3,1.6,0.08,35.0,70.0,0.99693,3.44,0.5,9.4,0
155,7.1,0.43,0.42,5.5,0.071,28.0,128.0,0.9973,3.42,0.71,10.5,0
1550,7.1,0.68,0.0,2.3,0.087,17.0,26.0,0.99783,3.45,0.53,9.5,0
110,7.8,0.56,0.19,1.8,0.104,12.0,47.0,0.9964,3.19,0.93,9.5,0
536,9.9,0.63,0.24,2.4,0.077,6.0,33.0,0.9974,3.09,0.57,9.4,0
923,6.8,0.41,0.31,8.8,0.084,26.0,45.0,0.99824,3.38,0.64,10.1,1
1096,6.6,0.725,0.09,5.5,0.117,9.0,17.0,0.99655,3.35,0.49,10.8,1
1058,9.9,0.53,0.57,2.4,0.093,30.0,52.0,0.9971,3.19,0.76,11.6,1
1279,9.8,0.3,0.39,1.7,0.062,3.0,9.0,0.9948,3.14,0.57,11.5,1
953,10.2,0.34,0.48,2.1,0.052000000000000005,5.0,9.0,0.99458,3.2,0.69,12.1,1
859,6.8,0.56,0.22,1.8,0.07400000000000001,15.0,24.0,0.99438,3.4,0.82,11.2,1
1425,8.3,0.26,0.37,1.4,0.076,8.0,23.0,0.9974,3.26,0.7,9.6,1
435,12.3,0.39,0.63,2.3,0.091,6.0,18.0,1.0004,3.16,0.49,9.5,0
847,7.4,0.68,0.16,1.8,0.078,12.0,39.0,0.9977,3.5,0.7,9.9,1
740,8.3,0.76,0.29,4.2,0.075,12.0,16.0,0.9965,3.45,0.68,11.5,1
578,8.8,0.47,0.49,2.9,0.085,17.0,110.0,0.9982,3.29,0.6,9.8,0
354,6.1,0.21,0.4,1.4,0.066,40.5,165.0,0.9912,3.25,0.59,11.9,1
368,10.3,0.34,0.52,2.8,0.159,15.0,75.0,0.9998,3.18,0.64,9.4,0
1452,6.6,0.58,0.02,2.0,0.062,37.0,53.0,0.99374,3.35,0.76,11.6,1
255,8.0,0.57,0.23,3.2,0.073,17.0,119.0,0.99675,3.26,0.57,9.3,0
50,8.8,0.66,0.26,1.7,0.07400000000000001,4.0,23.0,0.9971,3.15,0.74,9.2,0
558,10.9,0.53,0.49,4.6,0.118,10.0,17.0,1.0002,3.07,0.56,11.7,1
286,12.0,0.45,0.55,2.0,0.073,25.0,49.0,0.9997,3.1,0.76,10.3,1
1518,7.4,0.47,0.46,2.2,0.114,7.0,20.0,0.99647,3.32,0.63,10.5,0
660,7.2,0.52,0.07,1.4,0.07400000000000001,5.0,20.0,0.9973,3.32,0.81,9.6,1
127,8.1,1.33,0.0,1.8,0.08199999999999999,3.0,12.0,0.9964,3.54,0.48,10.9,0
532,11.9,0.38,0.49,2.7,0.098,12.0,42.0,1.0004,3.16,0.61,10.3,0
158,7.1,0.68,0.0,2.2,0.073,12.0,22.0,0.9969,3.48,0.5,9.3,0
1041,6.9,0.49,0.19,1.7,0.079,13.0,26.0,0.99547,3.38,0.64,9.8,1
436,8.0,0.67,0.3,2.0,0.06,38.0,62.0,0.9958,3.26,0.56,10.2,1
238,7.2,0.63,0.0,1.9,0.097,14.0,38.0,0.99675,3.37,0.58,9.0,1
314,7.4,0.36,0.29,2.6,0.087,26.0,72.0,0.99645,3.39,0.68,11.0,0
769,7.9,0.72,0.01,1.9,0.076,7.0,32.0,0.99668,3.39,0.54,9.6,0
499,8.7,0.69,0.31,3.0,0.086,23.0,81.0,1.0002,3.48,0.74,11.6,1
1094,6.6,0.725,0.09,5.5,0.117,9.0,17.0,0.99655,3.35,0.49,10.8,1
1126,5.8,0.29,0.26,1.7,0.063,3.0,11.0,0.9915,3.39,0.54,13.5,1
787,10.0,0.56,0.24,2.2,0.079,19.0,58.0,0.9991,3.18,0.56,10.1,1
290,8.7,0.52,0.09,2.5,0.091,20.0,49.0,0.9976,3.34,0.86,10.6,1
73,8.3,0.675,0.26,2.1,0.084,11.0,43.0,0.9976,3.31,0.53,9.2,0
147,7.6,0.49,0.26,1.6,0.236,10.0,88.0,0.9968,3.11,0.8,9.3,0
1573,6.0,0.58,0.2,2.4,0.075,15.0,50.0,0.99467,3.58,0.67,12.5,1
531,11.9,0.38,0.49,2.7,0.098,12.0,42.0,1.0004,3.16,0.61,10.3,0
1175,6.5,0.61,0.0,2.2,0.095,48.0,59.0,0.99541,3.61,0.7,11.5,1
1412,8.2,0.24,0.34,5.1,0.062,8.0,22.0,0.9974,3.22,0.94,10.9,1
1075,9.1,0.25,0.34,2.0,0.071,45.0,67.0,0.99769,3.44,0.86,10.2,1
831,5.9,0.61,0.08,2.1,0.071,16.0,24.0,0.99376,3.56,0.77,11.1,1
1048,9.3,0.49,0.36,1.7,0.081,3.0,14.0,0.99702,3.27,0.78,10.9,1
243,15.0,0.21,0.44,2.2,0.075,10.0,24.0,1.00005,3.07,0.84,9.2,1
775,7.2,1.0,0.0,3.0,0.102,7.0,16.0,0.99586,3.43,0.46,10.0,0
956,9.0,0.36,0.52,2.1,0.111,5.0,10.0,0.99568,3.31,0.62,11.3,1
1095,9.4,0.4,0.47,2.5,0.087,6.0,20.0,0.99772,3.15,0.5,10.5,0
427,9.5,0.78,0.22,1.9,0.077,6.0,32.0,0.9988,3.26,0.56,10.6,1
1496,7.7,0.54,0.26,1.9,0.08900000000000001,23.0,147.0,0.99636,3.26,0.59,9.7,0
164,7.3,0.59,0.26,7.2,0.07,35.0,121.0,0.9981,3.37,0.49,9.4,0
1022,7.0,0.51,0.09,2.1,0.062,4.0,9.0,0.99584,3.35,0.54,10.5,0
1168,6.5,0.34,0.27,2.8,0.067,8.0,44.0,0.99384,3.21,0.56,12.0,1
1182,10.2,0.4,0.4,2.5,0.068,41.0,54.0,0.99754,3.38,0.86,10.5,1
1193,6.4,0.885,0.0,2.3,0.166,6.0,12.0,0.99551,3.56,0.51,10.8,0
307,10.3,0.41,0.42,2.4,0.213,6.0,14.0,0.9994,3.19,0.62,9.5,1
746,8.2,0.34,0.38,2.5,0.08,12.0,57.0,0.9978,3.3,0.47,9.0,1
729,6.4,0.865,0.03,3.2,0.071,27.0,58.0,0.995,3.61,0.49,12.7,1
914,7.3,0.305,0.39,1.2,0.059,7.0,11.0,0.99331,3.29,0.52,11.5,1
1278,8.0,0.715,0.22,2.3,0.075,13.0,81.0,0.99688,3.24,0.54,9.5,1
1201,7.9,0.34,0.36,1.9,0.065,5.0,10.0,0.99419,3.27,0.54,11.2,1
659,7.1,0.84,0.02,4.4,0.096,5.0,13.0,0.997,3.41,0.57,11.0,0
1261,6.3,1.02,0.0,2.0,0.083,17.0,24.0,0.99437,3.59,0.55,11.2,0
1265,7.2,0.57,0.05,2.3,0.081,16.0,36.0,0.99564,3.38,0.6,10.3,1
424,7.7,0.96,0.2,2.0,0.047,15.0,60.0,0.9955,3.36,0.44,10.9,0
1147,10.0,0.41,0.45,6.2,0.071,6.0,14.0,0.99702,3.21,0.49,11.8,1
1325,6.7,0.46,0.24,1.7,0.077,18.0,34.0,0.9948,3.39,0.6,10.6,1
1318,7.5,0.63,0.27,2.0,0.083,17.0,91.0,0.99616,3.26,0.58,9.8,1
1286,7.1,0.16,0.44,2.5,0.068,17.0,31.0,0.99328,3.35,0.54,12.4,1
589,10.2,0.29,0.49,2.6,0.059,5.0,13.0,0.9976,3.05,0.74,10.5,1
1196,7.9,0.58,0.23,2.3,0.076,23.0,94.0,0.99686,3.21,0.58,9.5,1
1289,7.0,0.6,0.3,4.5,0.068,20.0,110.0,0.99914,3.3,1.17,10.2,0
1542,6.7,0.855,0.02,1.9,0.064,29.0,38.0,0.99472,3.3,0.56,10.75,1
527,7.0,0.38,0.49,2.5,0.097,33.0,85.0,0.9962,3.39,0.77,11.4,1
1084,7.2,0.38,0.3,1.8,0.073,31.0,70.0,0.99685,3.42,0.59,9.5,1
198,5.4,0.835,0.08,1.2,0.046,13.0,93.0,0.9924,3.57,0.85,13.0,1
343,10.9,0.39,0.47,1.8,0.118,6.0,14.0,0.9982,3.3,0.75,9.8,1
819,9.1,0.66,0.15,3.2,0.097,9.0,59.0,0.99976,3.28,0.54,9.6,0
404,7.7,0.69,0.05,2.7,0.075,15.0,27.0,0.9974,3.26,0.61,9.1,0
397,11.5,0.59,0.59,2.6,0.087,13.0,49.0,0.9988,3.18,0.65,11.0,1
818,7.1,0.715,0.0,2.35,0.071,21.0,47.0,0.99632,3.29,0.45,9.4,0
622,10.0,0.58,0.22,1.9,0.08,9.0,32.0,0.9974,3.13,0.55,9.5,0
613,8.2,0.39,0.38,1.5,0.058,10.0,29.0,0.9962,3.26,0.74,9.8,0
528,8.2,0.42,0.49,2.6,0.084,32.0,55.0,0.9988,3.34,0.75,8.7,1
484,10.6,0.44,0.68,4.1,0.114,6.0,24.0,0.997,3.06,0.66,13.4,1
52,6.6,0.5,0.04,2.1,0.068,6.0,14.0,0.9955,3.39,0.64,9.4,1
28,7.1,0.71,0.0,1.9,0.08,14.0,35.0,0.9972,3.47,0.55,9.4,0
1267,10.4,0.43,0.5,2.3,0.068,13.0,19.0,0.996,3.1,0.87,11.4,1
1501,7.8,0.82,0.29,4.3,0.083,21.0,64.0,0.99642,3.16,0.53,9.4,0
1298,5.7,0.6,0.0,1.4,0.063,11.0,18.0,0.99191,3.45,0.56,12.2,1
383,8.3,0.26,0.42,2.0,0.08,11.0,27.0,0.9974,3.21,0.8,9.4,1
1475,5.3,0.47,0.11,2.2,0.048,16.0,89.0,0.99182,3.54,0.88,13.566666666666698,1
862,7.5,0.42,0.32,2.7,0.067,7.0,25.0,0.99628,3.24,0.44,10.4,0
1173,7.6,0.36,0.31,1.7,0.079,26.0,65.0,0.99716,3.46,0.62,9.5,1
1570,6.4,0.36,0.53,2.2,0.23,19.0,35.0,0.9934,3.37,0.93,12.4,1
43,8.1,0.66,0.22,2.2,0.069,9.0,23.0,0.9968,3.3,1.2,10.3,0
154,7.1,0.43,0.42,5.5,0.07,29.0,129.0,0.9973,3.42,0.72,10.5,0
26,7.6,0.41,0.24,1.8,0.08,4.0,11.0,0.9962,3.28,0.59,9.5,0
468,11.4,0.36,0.69,2.1,0.09,6.0,21.0,1.0,3.17,0.62,9.2,1
1271,7.3,0.44,0.2,1.6,0.049,24.0,64.0,0.9935,3.38,0.57,11.7,1
995,7.7,0.6,0.06,2.0,0.079,19.0,41.0,0.99697,3.39,0.62,10.1,1
616,9.6,0.6,0.5,2.3,0.079,28.0,71.0,0.9997,3.5,0.57,9.7,0
1177,7.1,0.66,0.0,2.4,0.052000000000000005,6.0,11.0,0.99318,3.35,0.66,12.7,1
44,6.8,0.67,0.02,1.8,0.05,5.0,11.0,0.9962,3.48,0.52,9.5,0
1531,6.1,0.705,0.1,2.8,0.081,13.0,28.0,0.99631,3.6,0.66,10.2,0
571,6.2,0.36,0.24,2.2,0.095,19.0,42.0,0.9946,3.57,0.57,11.7,1
573,10.5,0.59,0.49,2.1,0.07,14.0,47.0,0.9991,3.3,0.56,9.6,0
829,5.9,0.61,0.08,2.1,0.071,16.0,24.0,0.99376,3.56,0.77,11.1,1
519,7.3,0.365,0.49,2.5,0.08800000000000001,39.0,106.0,0.9966,3.36,0.78,11.0,0
451,8.4,0.37,0.53,1.8,0.413,9.0,26.0,0.9979,3.06,1.06,9.1,1
120,7.3,1.07,0.09,1.7,0.17800000000000002,10.0,89.0,0.9962,3.3,0.57,9.0,0
431,7.8,0.55,0.35,2.2,0.07400000000000001,21.0,66.0,0.9974,3.25,0.56,9.2,0
756,6.3,0.98,0.01,2.0,0.057,15.0,33.0,0.99488,3.6,0.46,11.2,1
1049,9.3,0.5,0.36,1.8,0.084,6.0,17.0,0.99704,3.27,0.77,10.8,1
1031,7.3,0.55,0.01,1.8,0.093,9.0,15.0,0.99514,3.35,0.58,11.0,1
1509,7.9,0.18,0.4,1.8,0.062,7.0,20.0,0.9941,3.28,0.7,11.1,0
195,7.8,0.59,0.33,2.0,0.07400000000000001,24.0,120.0,0.9968,3.25,0.54,9.4,0
637,9.5,0.885,0.27,2.3,0.084,31.0,145.0,0.9978,3.24,0.53,9.4,0
79,8.3,0.625,0.2,1.5,0.08,27.0,119.0,0.9972,3.16,1.12,9.1,0
1344,11.5,0.42,0.48,2.6,0.077,8.0,20.0,0.99852,3.09,0.53,11.0,0
1128,10.0,0.43,0.33,2.7,0.095,28.0,89.0,0.9984,3.22,0.68,10.0,0
833,11.6,0.47,0.44,1.6,0.147,36.0,51.0,0.99836,3.38,0.86,9.9,0
1017,8.0,0.18,0.37,0.9,0.049,36.0,109.0,0.99007,2.89,0.44,12.7,1
1378,7.2,0.45,0.15,2.0,0.078,10.0,28.0,0.99609,3.29,0.51,9.9,1
1396,8.7,0.675,0.1,1.6,0.09,4.0,11.0,0.99745,3.31,0.65,9.55,0
1411,6.4,0.47,0.4,2.4,0.071,8.0,19.0,0.9963,3.56,0.73,10.6,1
1208,7.2,0.36,0.46,2.1,0.07400000000000001,24.0,44.0,0.99534,3.4,0.85,11.0,1
567,8.7,0.7,0.24,2.5,0.226,5.0,15.0,0.9991,3.32,0.6,9.0,1
962,6.6,0.57,0.02,2.1,0.115,6.0,16.0,0.99654,3.38,0.69,9.5,0
86,8.6,0.49,0.28,1.9,0.11,20.0,136.0,0.9972,2.93,1.95,9.9,1
1472,7.6,0.35,0.6,2.6,0.073,23.0,44.0,0.99656,3.38,0.79,11.1,1
561,9.0,0.44,0.49,2.4,0.078,26.0,121.0,0.9978,3.23,0.58,9.2,0
1164,9.0,0.785,0.24,1.7,0.078,10.0,21.0,0.99692,3.29,0.67,10.0,0
1007,9.1,0.3,0.34,2.0,0.064,12.0,25.0,0.99516,3.26,0.84,11.7,1
817,10.8,0.29,0.42,1.6,0.084,19.0,27.0,0.99545,3.28,0.73,11.9,1
1217,8.2,0.34,0.37,1.9,0.057,43.0,74.0,0.99408,3.23,0.81,12.0,1
458,10.4,0.33,0.63,2.8,0.084,5.0,22.0,0.9998,3.26,0.74,11.2,1
1155,8.3,0.6,0.25,2.2,0.118,9.0,38.0,0.99616,3.15,0.53,9.8,0
1316,5.4,0.74,0.0,1.2,0.041,16.0,46.0,0.99258,4.01,0.59,12.5,1
478,9.6,0.68,0.24,2.2,0.087,5.0,28.0,0.9988,3.14,0.6,10.2,0
1349,6.9,0.57,0.0,2.8,0.081,21.0,41.0,0.99518,3.41,0.52,10.8,0
931,7.4,0.61,0.01,2.0,0.07400000000000001,13.0,38.0,0.99748,3.48,0.65,9.8,0
1407,6.0,0.51,0.0,2.1,0.064,40.0,54.0,0.995,3.54,0.93,10.7,1
1443,6.9,0.58,0.2,1.75,0.058,8.0,22.0,0.99322,3.38,0.49,11.7,0
1332,8.4,0.39,0.1,1.7,0.075,6.0,25.0,0.99581,3.09,0.43,9.7,1
854,9.3,0.36,0.39,1.5,0.08,41.0,55.0,0.99652,3.47,0.73,10.9,1
880,9.2,0.56,0.18,1.6,0.078,10.0,21.0,0.99576,3.15,0.49,9.9,0
1277,7.0,0.69,0.0,1.9,0.114,3.0,10.0,0.99636,3.35,0.6,9.7,1
391,13.7,0.415,0.68,2.9,0.085,17.0,43.0,1.0014,3.06,0.8,10.0,1
261,7.0,0.975,0.04,2.0,0.087,12.0,67.0,0.99565,3.35,0.6,9.4,0
30,6.7,0.675,0.07,2.4,0.08900000000000001,17.0,82.0,0.9958,3.35,0.54,10.1,0
750,8.3,0.65,0.1,2.9,0.08900000000000001,17.0,40.0,0.99803,3.29,0.55,9.5,0
1171,7.1,0.59,0.0,2.2,0.078,26.0,44.0,0.99522,3.42,0.68,10.8,1
1122,6.3,0.47,0.0,1.4,0.055,27.0,33.0,0.9922,3.45,0.48,12.3,1
691,9.2,0.92,0.24,2.6,0.087,12.0,93.0,0.9998,3.48,0.54,9.8,0
148,6.9,0.49,0.1,2.3,0.07400000000000001,12.0,30.0,0.9959,3.42,0.58,10.2,1
858,11.7,0.28,0.47,1.7,0.054000000000000006,17.0,32.0,0.99686,3.15,0.67,10.6,1
594,7.9,0.72,0.17,2.6,0.096,20.0,38.0,0.9978,3.4,0.53,9.5,0
1172,9.7,0.42,0.46,2.1,0.07400000000000001,5.0,16.0,0.99649,3.27,0.74,12.3,1
1391,8.0,0.64,0.22,2.4,0.094,5.0,33.0,0.99612,3.37,0.58,11.0,0
1303,8.0,0.28,0.44,1.8,0.081,28.0,68.0,0.99501,3.36,0.66,11.2,0
1237,7.1,0.75,0.01,2.2,0.059,11.0,18.0,0.99242,3.39,0.4,12.8,1
1309,7.0,0.62,0.1,1.4,0.071,27.0,63.0,0.996,3.28,0.61,9.2,0
185,8.9,0.31,0.57,2.0,0.111,26.0,85.0,0.9971,3.26,0.53,9.7,0
493,8.7,0.69,0.31,3.0,0.086,23.0,81.0,1.0002,3.48,0.74,11.6,1
51,6.6,0.52,0.04,2.2,0.069,8.0,15.0,0.9956,3.4,0.63,9.4,1
675,9.3,0.41,0.39,2.2,0.064,12.0,31.0,0.9984,3.26,0.65,10.2,0
834,8.8,0.685,0.26,1.6,0.08800000000000001,16.0,23.0,0.99694,3.32,0.47,9.4,0
1009,9.6,0.5,0.36,2.8,0.116,26.0,55.0,0.99722,3.18,0.68,10.9,0
275,7.9,0.545,0.06,4.0,0.087,27.0,61.0,0.9965,3.36,0.67,10.7,1
333,8.4,0.56,0.08,2.1,0.105,16.0,44.0,0.9958,3.13,0.52,11.0,0
426,6.4,0.67,0.08,2.1,0.045,19.0,48.0,0.9949,3.49,0.49,11.4,1
167,7.3,0.55,0.03,1.6,0.07200000000000001,17.0,42.0,0.9956,3.37,0.48,9.0,0
1090,10.0,0.26,0.54,1.9,0.083,42.0,74.0,0.99451,2.98,0.63,11.8,1
823,6.7,0.54,0.13,2.0,0.076,15.0,36.0,0.9973,3.61,0.64,9.8,0
606,9.4,0.41,0.48,4.6,0.07200000000000001,10.0,20.0,0.9973,3.34,0.79,12.2,1
1356,6.1,0.34,0.25,1.8,0.084,4.0,28.0,0.99464,3.36,0.44,10.1,0
448,8.6,0.53,0.22,2.0,0.1,7.0,27.0,0.9967,3.2,0.56,10.2,1
586,11.1,0.31,0.49,2.7,0.094,16.0,47.0,0.9986,3.12,1.02,10.6,1
207,7.8,0.57,0.31,1.8,0.069,26.0,120.0,0.99625,3.29,0.53,9.3,0
784,7.1,0.59,0.01,2.5,0.077,20.0,85.0,0.99746,3.55,0.59,9.8,0
353,13.5,0.53,0.79,4.8,0.12,23.0,77.0,1.0018,3.18,0.77,13.0,0
1410,6.6,0.96,0.0,1.8,0.08199999999999999,5.0,16.0,0.9936,3.5,0.44,11.9,1
1163,9.0,0.785,0.24,1.7,0.078,10.0,21.0,0.99692,3.29,0.67,10.0,0
190,8.2,0.5,0.35,2.9,0.077,21.0,127.0,0.9976,3.23,0.62,9.4,0
547,10.6,0.31,0.49,2.5,0.067,6.0,21.0,0.9987,3.26,0.86,10.7,1
1354,7.2,0.58,0.03,2.3,0.077,7.0,28.0,0.99568,3.35,0.52,10.0,0
1091,7.9,0.34,0.42,2.0,0.086,8.0,19.0,0.99546,3.35,0.6,11.4,1
370,6.9,0.765,0.02,2.3,0.063,35.0,63.0,0.9975,3.57,0.78,9.9,0
631,10.4,0.28,0.54,2.7,0.105,5.0,19.0,0.9988,3.25,0.63,9.5,0
462,11.0,0.26,0.68,2.55,0.085,10.0,25.0,0.997,3.18,0.61,11.8,0
678,8.3,0.78,0.1,2.6,0.081,45.0,87.0,0.9983,3.48,0.53,10.0,0
1071,7.5,0.77,0.2,8.1,0.098,30.0,92.0,0.99892,3.2,0.58,9.2,0
1080,10.3,0.27,0.56,1.4,0.047,3.0,8.0,0.99471,3.16,0.51,11.8,1
42,7.5,0.49,0.2,2.6,0.332,8.0,14.0,0.9968,3.21,0.9,10.5,1
768,7.1,0.59,0.02,2.3,0.08199999999999999,24.0,94.0,0.99744,3.55,0.53,9.7,1
670,6.9,0.4,0.24,2.5,0.083,30.0,45.0,0.9959,3.26,0.58,10.0,0
1450,7.2,0.37,0.32,2.0,0.062,15.0,28.0,0.9947,3.23,0.73,11.3,1
1404,8.0,0.5,0.39,2.6,0.08199999999999999,12.0,46.0,0.9985,3.43,0.62,10.7,1
939,6.2,0.46,0.17,1.6,0.073,7.0,11.0,0.99425,3.61,0.54,11.4,0
313,8.6,0.47,0.3,3.0,0.076,30.0,135.0,0.9976,3.3,0.53,9.4,0
248,7.7,0.53,0.06,1.7,0.07400000000000001,9.0,39.0,0.99615,3.35,0.48,9.8,1
1323,9.1,0.36,0.39,1.8,0.06,21.0,55.0,0.99495,3.18,0.82,11.0,1
753,8.3,0.65,0.1,2.9,0.08900000000000001,17.0,40.0,0.99803,3.29,0.55,9.5,0
263,7.9,0.37,0.23,1.8,0.077,23.0,49.0,0.9963,3.28,0.67,9.3,0
728,6.4,0.57,0.02,1.8,0.067,4.0,11.0,0.997,3.46,0.68,9.5,0
1567,7.2,0.695,0.13,2.0,0.076,12.0,20.0,0.99546,3.29,0.54,10.1,0
874,10.4,0.38,0.46,2.1,0.104,6.0,10.0,0.99664,3.12,0.65,11.8,1
778,8.3,0.43,0.3,3.4,0.079,7.0,34.0,0.99788,3.36,0.61,10.5,0
760,9.0,0.58,0.25,2.8,0.075,9.0,104.0,0.99779,3.23,0.57,9.7,0
53,8.6,0.38,0.36,3.0,0.081,30.0,119.0,0.997,3.2,0.56,9.4,0
382,8.3,0.26,0.42,2.0,0.08,11.0,27.0,0.9974,3.21,0.8,9.4,1
763,9.3,0.655,0.26,2.0,0.096,5.0,35.0,0.99738,3.25,0.42,9.6,0
563,7.6,0.29,0.49,2.7,0.092,25.0,60.0,0.9971,3.31,0.61,10.1,1
1530,6.6,0.44,0.09,2.2,0.063,9.0,18.0,0.99444,3.42,0.69,11.3,1
899,8.3,1.02,0.02,3.4,0.084,6.0,11.0,0.99892,3.48,0.49,11.0,0
1429,7.9,0.18,0.4,2.2,0.049,38.0,67.0,0.996,3.33,0.93,11.3,0
1228,5.1,0.42,0.0,1.8,0.044,18.0,88.0,0.99157,3.68,0.73,13.6,1
88,9.3,0.39,0.44,2.1,0.107,34.0,125.0,0.9978,3.14,1.22,9.5,0
90,7.9,0.52,0.26,1.9,0.079,42.0,140.0,0.9964,3.23,0.54,9.5,0
1121,6.6,0.5,0.0,1.8,0.062,21.0,28.0,0.99352,3.44,0.55,12.3,1
1162,8.5,0.32,0.42,2.3,0.075,12.0,19.0,0.99434,3.14,0.71,11.8,1
1484,6.8,0.91,0.06,2.0,0.06,4.0,11.0,0.99592,3.53,0.64,10.9,0
23,8.5,0.49,0.11,2.3,0.084,9.0,67.0,0.9968,3.17,0.53,9.4,0
1179,8.2,0.35,0.33,2.4,0.076,11.0,47.0,0.99599,3.27,0.81,11.0,1
627,8.8,0.6,0.29,2.2,0.098,5.0,15.0,0.9988,3.36,0.49,9.1,0
108,8.0,0.33,0.53,2.5,0.091,18.0,80.0,0.9976,3.37,0.8,9.6,1
755,7.8,0.91,0.07,1.9,0.058,22.0,47.0,0.99525,3.51,0.43,10.7,1
96,6.8,0.775,0.0,3.0,0.102,8.0,23.0,0.9965,3.45,0.56,10.7,0
1293,7.5,0.755,0.0,1.9,0.084,6.0,12.0,0.99672,3.34,0.49,9.7,0
1331,7.8,0.87,0.26,3.8,0.107,31.0,67.0,0.99668,3.26,0.46,9.2,0
1445,7.4,0.785,0.19,5.2,0.094,19.0,98.0,0.99713,3.16,0.52,9.6,1
1469,7.3,0.98,0.05,2.1,0.061,20.0,49.0,0.99705,3.31,0.55,9.7,0
322,7.8,0.62,0.05,2.3,0.079,6.0,18.0,0.99735,3.29,0.63,9.3,0
1566,6.7,0.16,0.64,2.1,0.059,24.0,52.0,0.99494,3.34,0.71,11.2,1
224,8.4,0.635,0.36,2.0,0.08900000000000001,15.0,55.0,0.99745,3.31,0.57,10.4,0
213,8.2,0.57,0.26,2.2,0.06,28.0,65.0,0.9959,3.3,0.43,10.1,0
913,9.4,0.395,0.46,4.6,0.094,3.0,10.0,0.99639,3.27,0.64,12.2,1
106,7.8,0.41,0.68,1.7,0.467,18.0,69.0,0.9973,3.08,1.31,9.3,0
100,8.3,0.61,0.3,2.1,0.084,11.0,50.0,0.9972,3.4,0.61,10.2,1
516,12.5,0.6,0.49,4.3,0.1,5.0,14.0,1.001,3.25,0.74,11.9,1
1077,8.6,0.37,0.65,6.4,0.08,3.0,8.0,0.99817,3.27,0.58,11.0,0
1595,5.9,0.55,0.1,2.2,0.062,39.0,51.0,0.99512,3.52,0.76,11.2,1
1118,7.1,0.39,0.12,2.1,0.065,14.0,24.0,0.99252,3.3,0.53,13.3,1
49,5.6,0.31,0.37,1.4,0.07400000000000001,12.0,96.0,0.9954,3.32,0.58,9.2,0
369,9.4,0.27,0.53,2.4,0.07400000000000001,6.0,18.0,0.9962,3.2,1.13,12.0,1
720,8.4,0.56,0.04,2.0,0.08199999999999999,10.0,22.0,0.9976,3.22,0.44,9.6,0
463,8.1,0.66,0.7,2.2,0.098,25.0,129.0,0.9972,3.08,0.53,9.0,0
1149,10.0,0.35,0.47,2.0,0.061,6.0,11.0,0.99585,3.23,0.52,12.0,1
1016,8.9,0.38,0.4,2.2,0.068,12.0,28.0,0.99486,3.27,0.75,12.6,1
618,11.4,0.46,0.5,2.7,0.122,4.0,17.0,1.0006,3.13,0.7,10.2,0
1113,8.9,0.24,0.39,1.6,0.07400000000000001,3.0,10.0,0.99698,3.12,0.59,9.5,1
21,7.6,0.39,0.31,2.3,0.08199999999999999,23.0,71.0,0.9982,3.52,0.65,9.7,0
1392,7.1,0.62,0.06,1.3,0.07,5.0,12.0,0.9942,3.17,0.48,9.8,0
94,5.0,1.02,0.04,1.4,0.045,41.0,85.0,0.9938,3.75,0.48,10.5,0
5,7.4,0.66,0.0,1.8,0.075,13.0,40.0,0.9978,3.51,0.56,9.4,0
454,7.0,0.23,0.4,1.6,0.063,21.0,67.0,0.9952,3.5,0.63,11.1,0
311,7.9,0.53,0.24,2.0,0.07200000000000001,15.0,105.0,0.996,3.27,0.54,9.4,1
378,11.4,0.625,0.66,6.2,0.08800000000000001,6.0,24.0,0.9988,3.11,0.99,13.3,1
718,8.4,0.56,0.04,2.0,0.08199999999999999,10.0,22.0,0.9976,3.22,0.44,9.6,0
1081,7.9,0.3,0.68,8.3,0.05,37.5,289.0,0.99316,3.01,0.51,12.3,1
852,8.0,0.42,0.32,2.5,0.08,26.0,122.0,0.99801,3.22,1.07,9.7,0
745,7.3,0.51,0.18,2.1,0.07,12.0,28.0,0.99768,3.52,0.73,9.5,1
277,11.5,0.18,0.51,4.0,0.104,4.0,23.0,0.9996,3.28,0.97,10.1,1
1264,8.5,0.37,0.32,1.8,0.066,26.0,51.0,0.99456,3.38,0.72,11.8,1
12,5.6,0.615,0.0,1.6,0.08900000000000001,16.0,59.0,0.9943,3.58,0.52,9.9,0
1388,6.6,0.64,0.31,6.1,0.083,7.0,49.0,0.99718,3.35,0.68,10.3,0
1115,7.0,0.69,0.07,2.5,0.091,15.0,21.0,0.99572,3.38,0.6,11.3,1
472,12.5,0.37,0.55,2.6,0.083,25.0,68.0,0.9995,3.15,0.82,10.4,1
1216,7.9,0.57,0.31,2.0,0.079,10.0,79.0,0.99677,3.29,0.69,9.5,1
692,8.6,0.49,0.51,2.0,0.422,16.0,62.0,0.9979,3.03,1.17,9.0,0
301,11.1,0.18,0.48,1.5,0.068,7.0,15.0,0.9973,3.22,0.64,10.1,1
648,8.7,0.48,0.3,2.8,0.066,10.0,28.0,0.9964,3.33,0.67,11.2,1
1148,7.8,0.39,0.42,2.0,0.086,9.0,21.0,0.99526,3.39,0.66,11.6,1
60,8.8,0.4,0.4,2.2,0.079,19.0,52.0,0.998,3.44,0.64,9.2,0
677,8.6,0.8,0.11,2.3,0.084,12.0,31.0,0.9979,3.4,0.48,9.9,0
1258,6.8,0.64,0.0,2.7,0.123,15.0,33.0,0.99538,3.44,0.63,11.3,1
1304,7.6,0.79,0.21,2.3,0.087,21.0,68.0,0.9955,3.12,0.44,9.2,0
1546,7.0,0.57,0.02,2.0,0.07200000000000001,17.0,26.0,0.99575,3.36,0.61,10.2,0
1313,7.0,0.36,0.21,2.3,0.086,20.0,65.0,0.99558,3.4,0.54,10.1,1
258,7.7,0.41,0.76,1.8,0.611,8.0,45.0,0.9968,3.06,1.26,9.4,0
605,8.3,0.6,0.13,2.6,0.085,6.0,24.0,0.9984,3.31,0.59,9.2,1
1202,8.6,0.42,0.39,1.8,0.068,6.0,12.0,0.99516,3.35,0.69,11.7,1
1393,8.0,0.52,0.25,2.0,0.078,19.0,59.0,0.99612,3.3,0.48,10.2,0
360,8.2,0.7,0.23,2.0,0.099,14.0,81.0,0.9973,3.19,0.7,9.4,0
667,11.3,0.34,0.45,2.0,0.08199999999999999,6.0,15.0,0.9988,2.94,0.66,9.2,1
1490,7.1,0.22,0.49,1.8,0.039,8.0,18.0,0.99344,3.39,0.56,12.4,1
635,8.7,0.84,0.0,1.4,0.065,24.0,33.0,0.9954,3.27,0.55,9.7,0
863,7.2,0.62,0.06,2.5,0.078,17.0,84.0,0.99746,3.51,0.53,9.7,0
806,8.4,0.25,0.39,2.0,0.041,4.0,10.0,0.99386,3.27,0.71,12.5,1
1184,6.7,0.64,0.23,2.1,0.08,11.0,119.0,0.99538,3.36,0.7,10.9,0
789,8.6,0.63,0.17,2.9,0.099,21.0,119.0,0.998,3.09,0.52,9.3,0
366,12.8,0.615,0.66,5.8,0.083,7.0,42.0,1.0022,3.07,0.73,10.0,1
1523,6.8,0.48,0.25,2.0,0.076,29.0,61.0,0.9953,3.34,0.6,10.4,0
1212,6.8,0.65,0.02,2.1,0.078,8.0,15.0,0.99498,3.35,0.62,10.4,1
1125,8.8,0.24,0.35,1.7,0.055,13.0,27.0,0.99394,3.14,0.59,11.3,1
1178,5.6,0.915,0.0,2.1,0.041,17.0,78.0,0.99346,3.68,0.73,11.4,0
1138,7.5,0.41,0.15,3.7,0.104,29.0,94.0,0.99786,3.14,0.58,9.1,0
242,7.7,0.58,0.1,1.8,0.102,28.0,109.0,0.99565,3.08,0.49,9.8,1
1439,7.3,0.67,0.02,2.2,0.07200000000000001,31.0,92.0,0.99566,3.32,0.68,11.066666666666698,1
323,10.3,0.59,0.42,2.8,0.09,35.0,73.0,0.999,3.28,0.7,9.5,1
1189,8.8,0.955,0.05,1.8,0.075,5.0,19.0,0.99616,3.3,0.44,9.6,0
160,7.6,0.95,0.03,2.0,0.09,7.0,20.0,0.9959,3.2,0.56,9.6,0
530,9.1,0.22,0.24,2.1,0.078,1.0,28.0,0.999,3.41,0.87,10.3,1
581,12.3,0.5,0.49,2.2,0.08900000000000001,5.0,14.0,1.0002,3.19,0.44,9.6,0
364,12.8,0.615,0.66,5.8,0.083,7.0,42.0,1.0022,3.07,0.73,10.0,1
1508,7.1,0.27,0.6,2.1,0.07400000000000001,17.0,25.0,0.99814,3.38,0.72,10.6,1
942,10.1,0.43,0.4,2.6,0.092,13.0,52.0,0.99834,3.22,0.64,10.0,1
1357,7.3,0.43,0.24,2.5,0.078,27.0,67.0,0.99648,3.6,0.59,11.1,1
262,8.0,0.52,0.03,1.7,0.07,10.0,35.0,0.99575,3.34,0.57,10.0,0
1029,7.7,0.58,0.01,1.8,0.08800000000000001,12.0,18.0,0.99568,3.32,0.56,10.5,1
1403,7.2,0.33,0.33,1.7,0.061,3.0,13.0,0.996,3.23,1.1,10.0,1
695,5.1,0.47,0.02,1.3,0.034,18.0,44.0,0.9921,3.9,0.62,12.8,1
19,7.9,0.32,0.51,1.8,0.341,17.0,56.0,0.9969,3.04,1.08,9.2,1
1498,6.6,0.895,0.04,2.3,0.068,7.0,13.0,0.99582,3.53,0.58,10.8,1
765,9.2,0.67,0.1,3.0,0.091,12.0,48.0,0.99888,3.31,0.54,9.5,1
265,11.8,0.26,0.52,1.8,0.071,6.0,10.0,0.9968,3.2,0.72,10.2,1
399,8.7,0.765,0.22,2.3,0.064,9.0,42.0,0.9963,3.1,0.55,9.4,0
236,7.2,0.63,0.0,1.9,0.097,14.0,38.0,0.99675,3.37,0.58,9.0,1
1563,7.2,0.695,0.13,2.0,0.076,12.0,20.0,0.99546,3.29,0.54,10.1,0
500,7.8,0.52,0.25,1.9,0.081,14.0,38.0,0.9984,3.43,0.65,9.0,1
1455,6.5,0.9,0.0,1.6,0.052000000000000005,9.0,17.0,0.99467,3.5,0.63,10.9,1
1229,7.6,0.43,0.29,2.1,0.075,19.0,66.0,0.99718,3.4,0.64,9.5,0
780,7.0,0.57,0.0,2.0,0.19,12.0,45.0,0.99676,3.31,0.6,9.4,1
701,7.0,0.65,0.02,2.1,0.066,8.0,25.0,0.9972,3.47,0.67,9.5,1
875,8.8,0.31,0.4,2.8,0.109,7.0,16.0,0.99614,3.31,0.79,11.8,1
481,9.4,0.3,0.56,2.8,0.08,6.0,17.0,0.9964,3.15,0.92,11.7,1
980,9.1,0.5,0.3,1.9,0.065,8.0,17.0,0.99774,3.32,0.71,10.5,1
225,7.7,0.43,0.25,2.6,0.073,29.0,63.0,0.99615,3.37,0.58,10.5,1
970,10.4,0.26,0.48,1.9,0.066,6.0,10.0,0.99724,3.33,0.87,10.9,1
240,8.9,0.635,0.37,1.7,0.263,5.0,62.0,0.9971,3.0,1.09,9.3,0
986,9.8,0.34,0.39,1.4,0.066,3.0,7.0,0.9947,3.19,0.55,11.4,1
611,13.2,0.38,0.55,2.7,0.081,5.0,16.0,1.0006,2.98,0.54,9.4,0
762,8.8,0.7,0.0,1.7,0.069,8.0,19.0,0.99701,3.31,0.53,10.0,1
144,5.2,0.34,0.0,1.8,0.05,27.0,63.0,0.9916,3.68,0.79,14.0,1
1536,6.1,0.53,0.08,1.9,0.077,24.0,45.0,0.99528,3.6,0.68,10.3,1
222,6.8,0.61,0.04,1.5,0.057,5.0,10.0,0.99525,3.42,0.6,9.5,0
928,8.6,0.47,0.27,2.3,0.055,14.0,28.0,0.99516,3.18,0.8,11.2,0
1555,7.0,0.56,0.17,1.7,0.065,15.0,24.0,0.99514,3.44,0.68,10.55,1
853,9.3,0.36,0.39,1.5,0.08,41.0,55.0,0.99652,3.47,0.73,10.9,1
1074,7.5,0.77,0.2,8.1,0.098,30.0,92.0,0.99892,3.2,0.58,9.2,0
577,8.8,0.44,0.49,2.8,0.083,18.0,111.0,0.9982,3.3,0.6,9.5,0
1330,7.4,0.6,0.26,2.1,0.083,17.0,91.0,0.99616,3.29,0.56,9.8,1
126,8.2,1.33,0.0,1.7,0.081,3.0,12.0,0.9964,3.53,0.49,10.9,0
1572,7.3,0.69,0.32,2.2,0.069,35.0,104.0,0.99632,3.33,0.51,9.5,0
309,7.4,0.29,0.38,1.7,0.062,9.0,30.0,0.9968,3.41,0.53,9.5,1
1057,7.6,0.42,0.25,3.9,0.104,28.0,90.0,0.99784,3.15,0.57,9.1,0
885,8.9,0.75,0.14,2.5,0.086,9.0,30.0,0.99824,3.34,0.64,10.5,0
1534,6.6,0.56,0.14,2.4,0.064,13.0,29.0,0.99397,3.42,0.62,11.7,1
1038,8.7,0.41,0.41,6.2,0.078,25.0,42.0,0.9953,3.24,0.77,12.6,1
1355,6.1,0.32,0.25,1.8,0.086,5.0,32.0,0.99464,3.36,0.44,10.1,0
305,10.3,0.53,0.48,2.5,0.063,6.0,25.0,0.9998,3.12,0.59,9.3,1
524,9.2,0.43,0.49,2.4,0.086,23.0,116.0,0.9976,3.23,0.64,9.5,0
101,7.8,0.5,0.3,1.9,0.075,8.0,22.0,0.9959,3.31,0.56,10.4,1
1061,9.1,0.4,0.5,1.8,0.071,7.0,16.0,0.99462,3.21,0.69,12.5,1
815,10.8,0.45,0.33,2.5,0.099,20.0,38.0,0.99818,3.24,0.71,10.8,0
643,9.5,0.59,0.44,2.3,0.071,21.0,68.0,0.9992,3.46,0.63,9.5,0
331,10.2,0.36,0.64,2.9,0.122,10.0,41.0,0.998,3.23,0.66,12.5,1
119,7.0,0.69,0.08,1.8,0.097,22.0,89.0,0.9959,3.34,0.54,9.2,1
599,12.7,0.59,0.45,2.3,0.08199999999999999,11.0,22.0,1.0,3.0,0.7,9.3,1
405,8.7,0.31,0.46,1.4,0.059,11.0,25.0,0.9966,3.36,0.76,10.1,1
205,12.8,0.3,0.74,2.6,0.095,9.0,28.0,0.9994,3.2,0.77,10.8,1
1478,7.1,0.875,0.05,5.7,0.08199999999999999,3.0,14.0,0.99808,3.4,0.52,10.2,0
24,6.9,0.4,0.14,2.4,0.085,21.0,40.0,0.9968,3.43,0.63,9.7,1
1476,9.9,0.5,0.5,13.8,0.205,48.0,82.0,1.00242,3.16,0.75,8.8,0
929,8.7,0.33,0.38,3.3,0.063,10.0,19.0,0.99468,3.3,0.73,12.0,1
758,8.1,0.87,0.0,2.2,0.084,10.0,31.0,0.99656,3.25,0.5,9.8,0
80,6.2,0.45,0.2,1.6,0.069,3.0,15.0,0.9958,3.41,0.56,9.2,0
727,6.4,0.57,0.02,1.8,0.067,4.0,11.0,0.997,3.46,0.68,9.5,0
64,7.2,0.725,0.05,4.65,0.086,4.0,11.0,0.9962,3.41,0.39,10.9,0
580,12.3,0.5,0.49,2.2,0.08900000000000001,5.0,14.0,1.0002,3.19,0.44,9.6,0
1220,10.9,0.32,0.52,1.8,0.132,17.0,44.0,0.99734,3.28,0.77,11.5,1
149,8.2,0.4,0.44,2.8,0.08900000000000001,11.0,43.0,0.9975,3.53,0.61,10.5,1
654,8.6,0.47,0.47,2.4,0.07400000000000001,7.0,29.0,0.9979,3.08,0.46,9.5,0
219,7.8,0.53,0.33,2.4,0.08,24.0,144.0,0.99655,3.3,0.6,9.5,0
843,7.1,0.685,0.35,2.0,0.08800000000000001,9.0,92.0,0.9963,3.28,0.62,9.4,0
1005,6.8,0.36,0.32,1.8,0.067,4.0,8.0,0.9928,3.36,0.55,12.8,1
1287,8.0,0.6,0.08,2.6,0.056,3.0,7.0,0.99286,3.22,0.37,13.0,0
920,9.6,0.41,0.37,2.3,0.091,10.0,23.0,0.99786,3.24,0.56,10.5,0
497,7.2,0.34,0.32,2.5,0.09,43.0,113.0,0.9966,3.32,0.79,11.1,0
1027,6.4,0.795,0.0,2.2,0.065,28.0,52.0,0.99378,3.49,0.52,11.6,0
1324,6.7,0.46,0.24,1.7,0.077,18.0,34.0,0.9948,3.39,0.6,10.6,1
1340,7.5,0.51,0.02,1.7,0.084,13.0,31.0,0.99538,3.36,0.54,10.5,1
994,10.0,0.35,0.45,2.5,0.092,20.0,88.0,0.99918,3.15,0.43,9.4,0
689,8.1,0.38,0.48,1.8,0.157,5.0,17.0,0.9976,3.3,1.05,9.4,0
409,12.5,0.46,0.49,4.5,0.07,26.0,49.0,0.9981,3.05,0.57,9.6,0
1170,9.2,0.36,0.34,1.6,0.062,5.0,12.0,0.99667,3.2,0.67,10.5,1
932,7.6,0.4,0.29,1.9,0.078,29.0,66.0,0.9971,3.45,0.59,9.5,1
620,8.3,0.54,0.24,3.4,0.076,16.0,112.0,0.9976,3.27,0.61,9.4,0
1307,6.8,0.68,0.09,3.9,0.068,15.0,29.0,0.99524,3.41,0.52,11.1,0
1422,7.0,0.54,0.0,2.1,0.079,39.0,55.0,0.9956,3.39,0.84,11.4,1
1241,9.8,0.37,0.39,2.5,0.079,28.0,65.0,0.99729,3.16,0.59,9.8,0
1379,7.5,0.57,0.02,2.6,0.077,11.0,35.0,0.99557,3.36,0.62,10.8,1
87,7.7,0.49,0.26,1.9,0.062,9.0,31.0,0.9966,3.39,0.64,9.6,0
576,9.9,0.5,0.24,2.3,0.103,6.0,14.0,0.9978,3.34,0.52,10.0,0
628,8.7,0.54,0.26,2.5,0.097,7.0,31.0,0.9976,3.27,0.6,9.3,1
1456,6.0,0.54,0.06,1.8,0.05,38.0,89.0,0.99236,3.3,0.5,10.55,1
619,11.3,0.37,0.41,2.3,0.08800000000000001,6.0,16.0,0.9988,3.09,0.8,9.3,0
253,7.7,0.775,0.42,1.9,0.092,8.0,86.0,0.9959,3.23,0.59,9.5,0
358,11.9,0.43,0.66,3.1,0.109,10.0,23.0,1.0,3.15,0.85,10.4,1
1463,6.9,0.63,0.01,2.4,0.076,14.0,39.0,0.99522,3.34,0.53,10.8,1
18,7.4,0.59,0.08,4.4,0.086,6.0,29.0,0.9974,3.38,0.5,9.0,0
66,7.5,0.52,0.11,1.5,0.079,11.0,39.0,0.9968,3.42,0.58,9.6,0
971,10.4,0.26,0.48,1.9,0.066,6.0,10.0,0.99724,3.33,0.87,10.9,1
173,7.4,0.62,0.05,1.9,0.068,24.0,42.0,0.9961,3.42,0.57,11.5,1
328,13.4,0.27,0.62,2.6,0.08199999999999999,6.0,21.0,1.0002,3.16,0.67,9.7,1
411,9.1,0.45,0.35,2.4,0.08,23.0,78.0,0.9987,3.38,0.62,9.5,0
344,11.9,0.57,0.5,2.6,0.08199999999999999,6.0,32.0,1.0006,3.12,0.78,10.7,1
1209,6.2,0.39,0.43,2.0,0.071,14.0,24.0,0.99428,3.45,0.87,11.2,1
268,6.9,0.54,0.04,3.0,0.077,7.0,27.0,0.9987,3.69,0.91,9.4,1
1549,7.4,0.36,0.3,1.8,0.07400000000000001,17.0,24.0,0.99419,3.24,0.7,11.4,1
1385,8.0,0.81,0.25,3.4,0.076,34.0,85.0,0.99668,3.19,0.42,9.2,0
321,9.3,0.61,0.26,3.4,0.09,25.0,87.0,0.99975,3.24,0.62,9.7,0
549,9.0,0.53,0.49,1.9,0.171,6.0,25.0,0.9975,3.27,0.61,9.4,1
948,8.9,0.12,0.45,1.8,0.075,10.0,21.0,0.99552,3.41,0.76,11.9,1
821,4.9,0.42,0.0,2.1,0.048,16.0,42.0,0.99154,3.71,0.74,14.0,1
1435,10.2,0.54,0.37,15.4,0.214,55.0,95.0,1.00369,3.18,0.77,9.0,1
610,8.8,0.24,0.54,2.5,0.083,25.0,57.0,0.9983,3.39,0.54,9.2,0
1045,6.9,0.44,0.0,1.4,0.07,32.0,38.0,0.99438,3.32,0.58,11.4,1
367,10.4,0.575,0.61,2.6,0.076,11.0,24.0,1.0,3.16,0.69,9.0,0
685,8.1,0.78,0.23,2.6,0.059,5.0,15.0,0.997,3.37,0.56,11.3,0
487,10.2,0.645,0.36,1.8,0.053,5.0,14.0,0.9982,3.17,0.42,10.0,1
141,8.3,0.715,0.15,1.8,0.08900000000000001,10.0,52.0,0.9968,3.23,0.77,9.5,0
1458,8.4,0.29,0.4,1.7,0.067,8.0,20.0,0.99603,3.39,0.6,10.5,0
1123,10.7,0.4,0.37,1.9,0.081,17.0,29.0,0.99674,3.12,0.65,11.2,1
46,7.7,0.935,0.43,2.2,0.114,22.0,114.0,0.997,3.25,0.73,9.2,0
518,10.9,0.21,0.49,2.8,0.08800000000000001,11.0,32.0,0.9972,3.22,0.68,11.7,1
799,9.4,0.5,0.34,3.6,0.08199999999999999,5.0,14.0,0.9987,3.29,0.52,10.7,1
1078,8.6,0.37,0.65,6.4,0.08,3.0,8.0,0.99817,3.27,0.58,11.0,0
334,7.9,0.65,0.01,2.5,0.078,17.0,38.0,0.9963,3.34,0.74,11.7,1
673,8.2,0.73,0.21,1.7,0.07400000000000001,5.0,13.0,0.9968,3.2,0.52,9.5,0
1249,7.1,0.6,0.01,2.3,0.079,24.0,37.0,0.99514,3.4,0.61,10.9,1
1532,7.2,0.53,0.13,2.0,0.058,18.0,22.0,0.99573,3.21,0.68,9.9,1
904,6.8,0.59,0.06,6.0,0.06,11.0,18.0,0.9962,3.41,0.59,10.8,1
1282,7.9,0.765,0.0,2.0,0.084,9.0,22.0,0.99619,3.33,0.68,10.9,1
1414,10.0,0.32,0.59,2.2,0.077,3.0,15.0,0.9994,3.2,0.78,9.6,0
230,5.2,0.48,0.04,1.6,0.054000000000000006,19.0,106.0,0.9927,3.54,0.62,12.2,1
103,8.1,0.575,0.22,2.1,0.077,12.0,65.0,0.9967,3.29,0.51,9.2,0
830,7.5,0.685,0.07,2.5,0.058,5.0,9.0,0.99632,3.38,0.55,10.9,0
200,9.6,0.32,0.47,1.4,0.056,9.0,24.0,0.99695,3.22,0.82,10.3,1
844,9.9,0.25,0.46,1.7,0.062,26.0,42.0,0.9959,3.18,0.83,10.6,1
1548,11.2,0.4,0.5,2.0,0.099,19.0,50.0,0.99783,3.1,0.58,10.4,0
737,8.2,0.59,0.0,2.5,0.093,19.0,58.0,1.0002,3.5,0.65,9.3,1
165,7.8,0.63,0.48,1.7,0.1,14.0,96.0,0.9961,3.19,0.62,9.5,0
166,6.8,0.64,0.1,2.1,0.085,18.0,101.0,0.9956,3.34,0.52,10.2,0
707,7.4,0.49,0.19,3.0,0.077,16.0,37.0,0.9966,3.37,0.51,10.5,0
816,9.8,0.51,0.19,3.2,0.081,8.0,30.0,0.9984,3.23,0.58,10.5,1
339,12.5,0.28,0.54,2.3,0.08199999999999999,12.0,29.0,0.9997,3.11,1.36,9.8,1
1070,9.3,0.33,0.45,1.5,0.057,19.0,37.0,0.99498,3.18,0.89,11.1,1
1467,6.7,1.04,0.08,2.3,0.067,19.0,32.0,0.99648,3.52,0.57,11.0,0
1014,8.0,0.58,0.16,2.0,0.12,3.0,7.0,0.99454,3.22,0.58,11.2,1
687,9.1,0.64,0.23,3.1,0.095,13.0,38.0,0.9998,3.28,0.59,9.7,0
134,7.9,1.04,0.05,2.2,0.084,13.0,29.0,0.9959,3.22,0.55,9.9,1
393,8.4,0.665,0.61,2.0,0.112,13.0,95.0,0.997,3.16,0.54,9.1,0
1144,7.3,0.32,0.23,2.3,0.066,35.0,70.0,0.99588,3.43,0.62,10.1,0
921,8.4,0.36,0.32,2.2,0.081,32.0,79.0,0.9964,3.3,0.72,11.0,1
1516,6.1,0.32,0.25,2.3,0.071,23.0,58.0,0.99633,3.42,0.97,10.6,0
82,7.4,0.5,0.47,2.0,0.086,21.0,73.0,0.997,3.36,0.57,9.1,0
254,7.1,0.6,0.0,1.8,0.07400000000000001,16.0,34.0,0.9972,3.47,0.7,9.9,1
658,7.2,0.52,0.07,1.4,0.07400000000000001,5.0,20.0,0.9973,3.32,0.81,9.6,1
298,7.2,0.65,0.02,2.3,0.094,5.0,31.0,0.9993,3.67,0.8,9.7,0
1052,5.6,0.605,0.05,2.4,0.073,19.0,25.0,0.99258,3.56,0.55,12.9,0
407,12.0,0.39,0.66,3.0,0.093,12.0,30.0,0.9996,3.18,0.63,10.8,1
1373,7.7,0.75,0.27,3.8,0.11,34.0,89.0,0.99664,3.24,0.45,9.3,0
788,10.0,0.56,0.24,2.2,0.079,19.0,58.0,0.9991,3.18,0.56,10.1,1
146,5.8,0.68,0.02,1.8,0.087,21.0,94.0,0.9944,3.54,0.52,10.0,0
1143,7.0,0.22,0.3,1.8,0.065,16.0,20.0,0.99672,3.61,0.82,10.0,1
420,9.5,0.56,0.33,2.4,0.08900000000000001,35.0,67.0,0.9972,3.28,0.73,11.8,1
1513,6.4,0.56,0.15,1.8,0.078,17.0,65.0,0.99294,3.33,0.6,10.5,1
1491,5.6,0.54,0.04,1.7,0.049,5.0,13.0,0.9942,3.72,0.58,11.4,0
85,6.9,0.55,0.15,2.2,0.076,19.0,40.0,0.9961,3.41,0.59,10.1,0
1020,11.3,0.36,0.66,2.4,0.123,3.0,8.0,0.99642,3.2,0.53,11.9,1
474,10.5,0.28,0.51,1.7,0.08,10.0,24.0,0.9982,3.2,0.89,9.4,1
582,11.7,0.49,0.49,2.2,0.083,5.0,15.0,1.0,3.19,0.43,9.2,0
163,7.4,0.6,0.26,7.3,0.07,36.0,121.0,0.9982,3.37,0.49,9.4,0
421,6.6,0.84,0.03,2.3,0.059,32.0,48.0,0.9952,3.52,0.56,12.3,1
731,8.9,0.875,0.13,3.45,0.08800000000000001,4.0,14.0,0.9994,3.44,0.52,11.5,0
736,7.7,0.965,0.1,2.1,0.112,11.0,22.0,0.9963,3.26,0.5,9.5,0
1579,6.2,0.56,0.09,1.7,0.053,24.0,32.0,0.99402,3.54,0.6,11.3,0
647,8.3,0.845,0.01,2.2,0.07,5.0,14.0,0.9967,3.32,0.58,11.0,0
1308,9.7,0.69,0.32,2.5,0.08800000000000001,22.0,91.0,0.9979,3.29,0.62,10.1,0
827,7.1,0.46,0.14,2.8,0.076,15.0,37.0,0.99624,3.36,0.49,10.7,0
612,7.5,0.64,0.0,2.4,0.077,18.0,29.0,0.9965,3.32,0.6,10.0,1
